Strategy,Total PnL,Win Rate,Avg Win,Avg Loss,Win/Loss Ratio,Expected Value,Profit Factor,Max Drawdown,Sharpe
Long Options,206320.48775709688,0.613,399.7071578419198,-100.0,3.997071578419198,199.82429470515189,3.997071578419198,-500.0,26.874632463254624
Spreads,13600.0,0.712,100.0,-200.0,0.5,9.999999999999993,0.5,-3800.0,3.2327327420490333
Quick Scalps,45020.48775709688,0.613,199.70715784191984,-200.0,0.9985357892095992,39.8242947051519,0.9985357892095992,-2177.419958848819,7.2267559977070785
