{
  "SPY": 1.0,
  "QQQ": 0.8430842205133448,
  "IWM": 0.6942117621342023,
  "DIA": 1.0,
  "XLF": 0.8167895930933645,
  "TLT": -1.0,
  "IEF": -1.0,
  "GLD": 0.9013170161033364,
  "SLV": 0.5231177685332007,
  "USO": -0.5577171507472753,
  "UNG": 0.20453136006080802,
  "DBC": -1.0,
  "UUP": 1.0,
  "LQD": 1.0,
  "XLE": -0.831062397461598
}